{
  "127.0.0.1": {
    "requests": [
      1779160959.758859,
      1779160959.7702298,
      1779160959.7815354
    ],
    "blocked_count": 0
  },
  "192.168.1.1": {
    "requests": [
      1779159757.3448374
    ],
    "blocked_count": 0
  }
}