{
  "127.0.0.1": {
    "requests": [
      1779160230.9891825
    ],
    "blocked_count": 0
  },
  "192.168.1.1": {
    "requests": [
      1779159757.3448374
    ],
    "blocked_count": 0
  }
}