{
  "127.0.0.1": {
    "requests": [
      1779256731.358553
    ],
    "blocked_count": 0
  },
  "192.168.1.1": {
    "requests": [
      1779159757.3448374
    ],
    "blocked_count": 0
  }
}